COMPANY_ID,TICKER,COMPANY_NAME,SECTOR,INDUSTRY,MARKET_CAP_BAND,COUNTRY,PRIMARY_EXCHANGE_ID,STATUS,LISTED_SINCE,UPDATED_AT
C001,RELIANCE,Reliance Industries Ltd,Energy,Oil & Gas,Large,India,EX001,ACTIVE,2010-01-01,2026-01-01 09:00:00
C002,TCS,Tata Consultancy Services,IT,IT Services,Large,India,EX001,ACTIVE,2010-01-01,2026-01-01 09:01:00
C003,HDFCBANK,HDFC Bank Ltd,Financials,Banks,Large,India,EX001,ACTIVE,2010-01-01,2026-01-01 09:02:00
C004,INFY,Infosys Ltd,IT,IT Services,Large,India,EX002,ACTIVE,2010-01-01,2026-01-01 09:03:00
C005,ICICIBANK,ICICI Bank Ltd,Financials,Banks,Large,India,EX001,ACTIVE,2010-01-01,2026-01-01 09:04:00
C006,AAPL,Apple Inc,Tech,Hardware,Large,USA,EX004,ACTIVE,2010-01-01,2026-01-01 09:05:00
C007,MSFT,Microsoft Corp,Tech,Software,Large,USA,EX004,ACTIVE,2010-01-01,2026-01-01 09:06:00
C008,AMZN,Amazon.com Inc,Consumer,E-commerce,Large,USA,EX004,ACTIVE,2010-01-01,2026-01-01 09:07:00
C009,GOOGL,Alphabet Inc,Tech,Internet,Large,USA,EX004,ACTIVE,2010-01-01,2026-01-01 09:08:00
C010,TSLA,Tesla Inc,Industrials,Auto,Large,USA,EX004,ACTIVE,2010-01-01,2026-01-01 09:09:00
C011,HSBA,HSBC Holdings,Financials,Banks,Large,UK,EX005,ACTIVE,2012-01-01,2026-01-01 09:10:00
C012,SHEL,Shell plc,Energy,Oil & Gas,Large,UK,EX005,ACTIVE,2012-01-01,2026-01-01 09:11:00
C013,TM,Toyota Motor,Consumer,Auto,Large,Japan,EX006,ACTIVE,2013-01-01,2026-01-01 09:12:00
C014,SONY,Sony Group,Tech,Electronics,Large,Japan,EX006,ACTIVE,2013-01-01,2026-01-01 09:13:00
C015,BABA,Alibaba Group,Tech,E-commerce,Large,Hong Kong,EX007,ACTIVE,2014-01-01,2026-01-01 09:14:00
C016,TATAMOTORS,Tata Motors,Industrials,Auto,Large,India,EX001,ACTIVE,2011-01-01,2026-01-01 09:15:00
C017,ITC,ITC Ltd,Consumer,FMCG,Large,India,EX002,ACTIVE,2011-01-01,2026-01-01 09:16:00
C018,SBIN,State Bank of India,Financials,Banks,Large,India,EX001,ACTIVE,2011-01-01,2026-01-01 09:17:00
C019,ADANIPORTS,Adani Ports,Industrials,Logistics,Large,India,EX001,ACTIVE,2012-01-01,2026-01-01 09:18:00
C020,WIPRO,Wipro Ltd,IT,IT Services,Large,India,EX002,ACTIVE,2012-01-01,2026-01-01 09:19:00
