PRICE_ID,TRADE_DATE,COMPANY_ID,EXCHANGE_ID,OPEN,HIGH,LOW,CLOSE,ADJ_CLOSE,VOLUME,VWAP,UPDATED_AT
PX8000,2026-01-01,C001,EX001,2014.66,2107.01,1910.81,1919.3,1919.3,993244,1987.95,2026-01-01 10:00:00
PX8001,2026-01-02,C009,EX004,1035.03,1082.08,982.08,1056.15,1056.15,558494,1038.84,2026-01-01 10:00:00
PX8002,2026-01-03,C003,EX001,1032.42,1077.79,1003.06,1018.37,1018.37,831074,1032.91,2026-01-01 10:00:00
PX8003,2026-01-04,C002,EX001,163.91,173.15,158.04,161.04,161.04,2820836,164.03,2026-01-01 10:00:00
PX8004,2026-01-05,C007,EX004,1583.37,1674.11,1508.35,1544.31,1544.31,553760,1577.53,2026-01-01 10:00:00
PX8005,2026-01-06,C001,EX001,3535.37,3610.78,3366.49,3570.82,3570.82,3207573,3520.87,2026-01-01 10:00:00
PX8006,2026-01-07,C001,EX001,434.78,448.64,420.14,443.19,443.19,1792654,436.69,2026-01-01 10:00:00
PX8007,2026-01-08,C007,EX004,3086.85,3122.75,3020.34,3042.79,3042.79,397401,3068.18,2026-01-01 10:00:00
PX8008,2026-01-09,C005,EX001,1464.36,1493.74,1411.31,1464.62,1464.62,2703959,1458.51,2026-01-01 10:00:00
PX8009,2026-01-10,C004,EX002,4102.89,4347.46,4051.16,4141.92,4141.92,1528895,4160.86,2026-01-01 10:00:00
PX8010,2026-01-11,C009,EX004,2649.86,2736.64,2598.11,2611.07,2611.07,1667248,2648.92,2026-01-01 10:00:00
PX8011,2026-01-12,C001,EX001,3874.59,4014.4,3803.77,3823.92,3823.92,3398499,3879.17,2026-01-01 10:00:00
PX8012,2026-01-13,C005,EX001,3829.58,3978.78,3827.66,3857.41,3857.41,3865139,3873.36,2026-01-01 10:00:00
PX8013,2026-01-14,C004,EX002,3378.25,3468.38,3335.46,3410.12,3410.12,1040168,3398.05,2026-01-01 10:00:00
PX8014,2026-01-15,C005,EX001,487.33,516.07,461.58,472.16,472.16,2861972,484.28,2026-01-01 10:00:00
PX8015,2026-01-16,C003,EX001,3019.45,3174.18,2924.46,3048.86,3048.86,4345250,3041.74,2026-01-01 10:00:00
PX8016,2026-01-17,C005,EX001,3624.75,3838.2,3513.89,3705.46,3705.46,989691,3670.57,2026-01-01 10:00:00
PX8017,2026-01-18,C008,EX004,648.28,676.49,636.34,675.41,675.41,256212,659.13,2026-01-01 10:00:00
PX8018,2026-01-19,C005,EX001,2097.79,2196.17,2031.06,2070.26,2070.26,861814,2098.82,2026-01-01 10:00:00
PX8019,2026-01-20,C007,EX004,2480.67,2547.03,2479.65,2488.55,2488.55,469330,2498.97,2026-01-01 10:00:00
PX8020,2026-01-21,C010,EX004,3733.85,3910.59,3721.9,3885.4,3885.4,1592035,3812.93,2026-01-01 10:00:00
PX8021,2026-01-22,C009,EX004,1953.99,2035.46,1898.23,2016.21,2016.21,3417176,1975.97,2026-01-01 10:00:00
PX8022,2026-01-23,C004,EX002,2239.04,2335.38,2166.7,2287.64,2287.64,3966615,2257.19,2026-01-01 10:00:00
PX8023,2026-01-24,C006,EX004,630.58,635.25,622.37,631.96,631.96,2505394,630.04,2026-01-01 10:00:00
PX8024,2026-01-25,C012,EX005,1642.78,1718.93,1548.35,1662.31,1662.31,3614097,1643.09,2026-01-01 10:00:00
