ACTION_ID,COMPANY_ID,TICKER,ACTION_TYPE,EX_DATE,RECORD_DATE,PAY_DATE,ACTION_VALUE,RATIO,CURRENCY,STATUS,UPDATED_AT
CA6000,C004,INFY,SPLIT,2026-02-16,2026-02-22,2026-03-10,1.18,3:3,INR,ANNOUNCED,2026-01-01 11:00:00
CA6001,C009,GOOGL,SPLIT,2026-03-31,2026-04-04,2026-05-04,4.71,1:1,USD,ANNOUNCED,2026-01-01 11:01:00
CA6002,C008,AMZN,BONUS,2026-02-17,2026-02-20,2026-03-12,4.11,2:2,USD,ANNOUNCED,2026-01-01 11:02:00
CA6003,C007,MSFT,DIVIDEND,2026-03-25,2026-04-01,2026-04-20,35.51,,USD,ANNOUNCED,2026-01-01 11:03:00
CA6004,C004,INFY,SPLIT,2026-02-21,2026-02-26,2026-03-14,3.55,2:1,INR,ANNOUNCED,2026-01-01 11:04:00
CA6005,C013,TM,SPLIT,2026-02-05,2026-02-08,2026-03-06,3.53,2:4,JPY,ANNOUNCED,2026-01-01 11:05:00
CA6006,C015,BABA,BONUS,2026-03-15,2026-03-17,2026-04-06,0.36,2:2,HKD,ANNOUNCED,2026-01-01 11:06:00
CA6007,C005,ICICIBANK,BUYBACK,2026-03-26,2026-03-26,2026-04-02,1.53,,INR,ANNOUNCED,2026-01-01 11:07:00
CA6008,C005,ICICIBANK,BONUS,2026-02-20,2026-02-23,2026-03-20,1.68,1:2,INR,ANNOUNCED,2026-01-01 11:08:00
CA6009,C010,TSLA,SPLIT,2026-03-27,2026-04-01,2026-04-11,3.42,3:2,USD,ANNOUNCED,2026-01-01 11:09:00
CA6010,C001,RELIANCE,BONUS,2026-03-31,2026-04-07,2026-04-23,3.43,3:3,INR,ANNOUNCED,2026-01-01 11:10:00
CA6011,C005,ICICIBANK,BUYBACK,2026-02-26,2026-03-01,2026-03-25,4.46,,INR,ANNOUNCED,2026-01-01 11:11:00
CA6012,C013,TM,BUYBACK,2026-02-04,2026-02-07,2026-03-08,1.35,,JPY,ANNOUNCED,2026-01-01 11:12:00
CA6013,C014,SONY,BUYBACK,2026-03-16,2026-03-21,2026-04-05,4.92,,JPY,ANNOUNCED,2026-01-01 11:13:00
CA6014,C013,TM,DIVIDEND,2026-02-21,2026-02-24,2026-03-26,24.84,,JPY,ANNOUNCED,2026-01-01 11:14:00
