EXCHANGE_ID,EXCHANGE_CODE,COUNTRY,CURRENCY,TIMEZONE,MARKET_TYPE,STATUS,ESTABLISHED_DATE,UPDATED_AT
EX001,NSE,India,INR,Asia/Kolkata,EQUITY,ACTIVE,1992-11-03,2026-01-01 08:00:00
EX002,BSE,India,INR,Asia/Kolkata,EQUITY,ACTIVE,1875-01-01,2026-01-01 08:01:00
EX003,NYSE,USA,USD,America/New_York,EQUITY,ACTIVE,1792-05-17,2026-01-01 08:02:00
EX004,NASDAQ,USA,USD,America/New_York,EQUITY,ACTIVE,1971-02-08,2026-01-01 08:03:00
EX005,LSE,UK,GBP,Europe/London,EQUITY,ACTIVE,1801-01-01,2026-01-01 08:04:00
EX006,TSE,Japan,JPY,Asia/Tokyo,EQUITY,ACTIVE,1878-05-15,2026-01-01 08:05:00
EX007,HKEX,Hong Kong,HKD,Asia/Hong_Kong,EQUITY,ACTIVE,1891-01-01,2026-01-01 08:06:00
EX008,SGX,Singapore,SGD,Asia/Singapore,EQUITY,ACTIVE,1999-12-01,2026-01-01 08:07:00
EX009,SIX,Switzerland,CHF,Europe/Zurich,EQUITY,ACTIVE,1870-01-01,2026-01-01 08:08:00
EX010,ASX,Australia,AUD,Australia/Sydney,EQUITY,ACTIVE,1987-04-01,2026-01-01 08:09:00
